<?xml version="1.0" encoding="UTF-8"?>

<HBAO_Parameters>
  <HBAORelativeStrength value="0.000000" />
  <CPRelativeStrength value="0.000000" />
  <HBAORadius0 value="0.000000" />
  <HBAORadius1 value="0.000000" />
  <HBAOBlendDistance value="0.000000" />
  <CPRadius value="0.000000" />
  <MaxPixels value="0.000000" />
  <CutoffPixels value="0.000000" />
  <FoliageStrength value="0.000000" />
  <HBAOFalloffExponent value="0.000000" />
  <CPStrengthClose value="0.000000" />
  <CPBlendDistanceMin value="0.000000" />
  <CPBlendDistanceMax value="00.000000" />
</HBAO_Parameters>