<?xml version="1.0" encoding="UTF-8"?>

<CLensFlareSettings>
  <arrFlareTypeFX>
    <Item>
      <arrFlareFX></arrFlareFX>
    </Item>
  </arrFlareTypeFX>
  <fSunVisibilityFactor value="0.000000" />
  <iSunVisibilityAlphaClip value="0" />
  <fSunFogFactor value="0.000000" />
  <fChromaticTexUSize value="0.000000" />
  <fExposureScaleFactor value="0.000000" />
  <fExposureIntensityFactor value="0.000000" />
  <fExposureRotationFactor value="0.000000" />
  <fChromaticFadeFactor value="0.000000" />
  <fArtefactDistanceFadeFactor value="0.000000" />
  <fArtefactRotationFactor value="0.000000" />
  <fArtefactScaleFactor value="0.000000" />
  <fArtefactGradientFactor value="0.000000" />
  <fCoronaDistanceAdditionalSize value="0.000000" />
  <fMinExposureScale value="0.000000" />
  <fMaxExposureScale value="0.000000" />
  <fMinExposureIntensity value="0.000000" />
  <fMaxExposureIntensity value="0.000000" />
</CLensFlareSettings>