<?xml version="1.0" encoding="UTF-8"?>
<!-- neiv only-night -->
<timecycle_modifier_data version="1.000000">
  <modifier name="torpedo" numMods="12" userFlags="0">
    <postfx_exposure>0.000 0.000</postfx_exposure>
    <postfx_bright_pass_thresh>3.000 0.000</postfx_bright_pass_thresh>
    <postfx_intensity_bloom>0.500 0.000</postfx_intensity_bloom>
    <postfx_desaturation>1.000 0.000</postfx_desaturation>
    <postfx_noise>0.050 0.000</postfx_noise>
    <postfx_vignetting_intensity>1.000 0.000</postfx_vignetting_intensity>
    <postfx_vignetting_radius>8.000 0.000</postfx_vignetting_radius>
    <postfx_vignetting_col_r>0.000 0.000</postfx_vignetting_col_r>
    <postfx_vignetting_col_g>1.000 0.000</postfx_vignetting_col_g>
    <postfx_vignetting_col_b>0.765 0.000</postfx_vignetting_col_b>
    <postfx_grad_top_middle_midpoint>0.830 0.000</postfx_grad_top_middle_midpoint>
    <postfx_grad_middle_bottom_midpoint>0.810 0.000</postfx_grad_middle_bottom_midpoint>
  </modifier>
  <modifier name="NEW_shrinksOffice" numMods="54" userFlags="0">
    <light_directional_amb_bounce_enabled>0.000 0.000</light_directional_amb_bounce_enabled>
    <light_amb_down_wrap>0.200 0.000</light_amb_down_wrap>
    <light_artificial_int_down_col_r>1.000 1.000</light_artificial_int_down_col_r>
    <light_artificial_int_down_col_g>0.800 1.000</light_artificial_int_down_col_g>
    <light_artificial_int_down_col_b>0.224 1.000</light_artificial_int_down_col_b>
    <light_artificial_int_down_intensity>0.100 0.000</light_artificial_int_down_intensity>
    <light_artificial_int_up_col_r>0.878 1.000</light_artificial_int_up_col_r>
    <light_artificial_int_up_col_g>0.961 1.000</light_artificial_int_up_col_g>
    <light_artificial_int_up_col_b>0.682 1.000</light_artificial_int_up_col_b>
    <light_artificial_int_up_intensity>0.300 0.000</light_artificial_int_up_intensity>
    <ped_light_col_r>0.878 1.000</ped_light_col_r>
    <ped_light_col_g>1.000 1.000</ped_light_col_g>
    <ped_light_col_b>0.502 1.000</ped_light_col_b>
    <ped_light_mult>0.070 0.500</ped_light_mult>
    <light_amb_occ_mult_ped>1.000 0.000</light_amb_occ_mult_ped>
    <light_amb_volumes_in_diffuse>1.000 0.000</light_amb_volumes_in_diffuse>
    <ssao_inten>0.000 0.000</ssao_inten>
    <ssao_type>0.000 0.000</ssao_type>
    <light_ped_rim_mult>0.789 0.000</light_ped_rim_mult>
    <light_direction_override>1.000 0.000</light_direction_override>
    <sun_direction_x>-1.000 0.000</sun_direction_x>
    <sun_direction_y>-0.380 0.000</sun_direction_y>
    <sun_direction_z>0.400 0.000</sun_direction_z>
    <postfx_exposure>-1.000 0.000</postfx_exposure>
    <postfx_bright_pass_thresh_width>0.600 0.000</postfx_bright_pass_thresh_width>
    <postfx_bright_pass_thresh>0.700 0.000</postfx_bright_pass_thresh>
    <postfx_intensity_bloom>0.300 0.000</postfx_intensity_bloom>
    <dir_shadow_num_cascades>3.000 0.000</dir_shadow_num_cascades>
    <dir_shadow_distance_multiplier>0.300 0.000</dir_shadow_distance_multiplier>
    <water_reflection_far_clip>0.000 0.000</water_reflection_far_clip>
    <water_foam_intensity_mult>0.000 0.000</water_foam_intensity_mult>
    <fog_start>73.000 73.000</fog_start>
    <fog_haze_density>7.000 7.003</fog_haze_density>
    <fog_haze_alpha>1.000 1.000</fog_haze_alpha>
    <fog_shadow_amount>0.000 0.000</fog_shadow_amount>
    <reflection_lod_range_start>-1.000 0.000</reflection_lod_range_start>
    <reflection_lod_range_end>-1.000 0.000</reflection_lod_range_end>
    <reflection_slod_range_start>-1.000 0.000</reflection_slod_range_start>
    <reflection_slod_range_end>-1.000 0.000</reflection_slod_range_end>
    <reflection_interior_range>20.000 0.000</reflection_interior_range>
    <reflection_tweak_interior_amb>10.000 0.000</reflection_tweak_interior_amb>
    <reflection_tweak_emissive>12.000 0.000</reflection_tweak_emissive>
    <reflection_tweak_directional>0.000 0.000</reflection_tweak_directional>
    <reflection_hdr_mult>0.600 0.000</reflection_hdr_mult>
    <far_clip>1500.000 1500.000</far_clip>
    <temperature>20.000 0.000</temperature>
    <natural_ambient_multiplier>0.100 0.000</natural_ambient_multiplier>
    <artificial_int_ambient_multiplier>1.000 0.000</artificial_int_ambient_multiplier>
    <light_falloff_mult>0.001 0.000</light_falloff_mult>
    <lodlight_range_mult>0.001 0.000</lodlight_range_mult>
    <lod_mult_slod1>0.308 0.000</lod_mult_slod1>
    <lod_mult_slod2>0.328 0.000</lod_mult_slod2>
    <lod_mult_slod3>0.100 0.000</lod_mult_slod3>
    <lod_mult_slod4>0.100 0.000</lod_mult_slod4>
  </modifier>
  <modifier name="Facebook_NEW" numMods="26" userFlags="0">
    <light_natural_amb_down_col_r>0.278 0.507</light_natural_amb_down_col_r>
    <light_natural_amb_down_col_g>0.812 0.507</light_natural_amb_down_col_g>
    <light_natural_amb_down_col_b>0.624 0.507</light_natural_amb_down_col_b>
    <light_natural_amb_up_col_r>0.278 0.500</light_natural_amb_up_col_r>
    <light_natural_amb_up_col_g>0.812 0.500</light_natural_amb_up_col_g>
    <light_natural_amb_up_col_b>0.624 0.500</light_natural_amb_up_col_b>
    <light_artificial_int_down_col_r>0.910 1.000</light_artificial_int_down_col_r>
    <light_artificial_int_down_col_g>0.831 1.000</light_artificial_int_down_col_g>
    <light_artificial_int_down_col_b>0.675 1.000</light_artificial_int_down_col_b>
    <light_artificial_int_down_intensity>0.700 0.000</light_artificial_int_down_intensity>
    <light_artificial_int_up_col_r>0.835 1.000</light_artificial_int_up_col_r>
    <light_artificial_int_up_col_g>0.859 1.000</light_artificial_int_up_col_g>
    <light_artificial_int_up_col_b>0.875 1.000</light_artificial_int_up_col_b>
    <light_artificial_int_up_intensity>0.300 0.000</light_artificial_int_up_intensity>
    <ssao_inten>5.000 0.000</ssao_inten>
    <light_ped_rim_mult>0.200 0.000</light_ped_rim_mult>
    <postfx_bright_pass_thresh_width>0.600 0.000</postfx_bright_pass_thresh_width>
    <postfx_bright_pass_thresh>0.900 0.000</postfx_bright_pass_thresh>
    <postfx_intensity_bloom>0.500 0.000</postfx_intensity_bloom>
    <lens_artefacts_intensity>0.050 0.000</lens_artefacts_intensity>
    <fog_start>73.000 73.000</fog_start>
    <reflection_tweak_interior_amb>16.000 0.000</reflection_tweak_interior_amb>
    <reflection_tweak_directional>0.000 0.000</reflection_tweak_directional>
    <temperature>20.000 0.000</temperature>
    <natural_ambient_multiplier>0.200 0.000</natural_ambient_multiplier>
    <artificial_int_ambient_multiplier>1.000 0.000</artificial_int_ambient_multiplier>
  </modifier>
  <modifier name="NEW_trevorstrailer" numMods="30" userFlags="0">
    <light_amb_down_wrap>0.200 0.000</light_amb_down_wrap>
    <light_artificial_int_down_col_r>0.918 1.000</light_artificial_int_down_col_r>
    <light_artificial_int_down_col_g>0.792 1.000</light_artificial_int_down_col_g>
    <light_artificial_int_down_col_b>0.416 1.000</light_artificial_int_down_col_b>
    <light_artificial_int_down_intensity>1.000 0.000</light_artificial_int_down_intensity>
    <light_artificial_int_up_col_r>0.961 1.000</light_artificial_int_up_col_r>
    <light_artificial_int_up_col_g>0.875 1.000</light_artificial_int_up_col_g>
    <light_artificial_int_up_col_b>0.769 1.000</light_artificial_int_up_col_b>
    <light_artificial_int_up_intensity>0.300 0.000</light_artificial_int_up_intensity>
    <light_ped_rim_mult>0.650 0.000</light_ped_rim_mult>
    <postfx_bright_pass_thresh_width>0.600 0.000</postfx_bright_pass_thresh_width>
    <postfx_bright_pass_thresh>0.600 0.000</postfx_bright_pass_thresh>
    <postfx_intensity_bloom>0.500 0.000</postfx_intensity_bloom>
    <lens_artefacts_intensity>0.200 0.000</lens_artefacts_intensity>
    <fog_start>73.000 73.000</fog_start>
    <fog_density>0.000 10.000</fog_density>
    <reflection_lod_range_start>-1.000 0.000</reflection_lod_range_start>
    <reflection_lod_range_end>-1.000 0.000</reflection_lod_range_end>
    <reflection_slod_range_start>-1.000 0.000</reflection_slod_range_start>
    <reflection_slod_range_end>-1.000 0.000</reflection_slod_range_end>
    <far_clip>1000.000 1000.000</far_clip>
    <temperature>20.000 0.000</temperature>
    <natural_ambient_multiplier>0.000 0.000</natural_ambient_multiplier>
    <artificial_int_ambient_multiplier>0.800 0.000</artificial_int_ambient_multiplier>
    <lod_mult_hd>0.455 0.000</lod_mult_hd>
    <lod_mult_lod>0.455 0.000</lod_mult_lod>
    <lod_mult_slod1>0.455 0.000</lod_mult_slod1>
    <lod_mult_slod2>0.455 0.000</lod_mult_slod2>
    <lod_mult_slod3>0.455 0.000</lod_mult_slod3>
    <lod_mult_slod4>0.455 0.000</lod_mult_slod4>
  </modifier>
  <modifier name="New_sewers" numMods="55" userFlags="0">
    <light_amb_down_wrap>0.200 0.000</light_amb_down_wrap>
    <light_artificial_int_down_col_r>0.922 1.000</light_artificial_int_down_col_r>
    <light_artificial_int_down_col_g>0.824 1.000</light_artificial_int_down_col_g>
    <light_artificial_int_down_col_b>0.431 1.000</light_artificial_int_down_col_b>
    <light_artificial_int_down_intensity>1.000 0.000</light_artificial_int_down_intensity>
    <light_artificial_int_up_col_r>0.925 1.000</light_artificial_int_up_col_r>
    <light_artificial_int_up_col_g>0.667 1.000</light_artificial_int_up_col_g>
    <light_artificial_int_up_col_b>0.224 1.000</light_artificial_int_up_col_b>
    <light_artificial_int_up_intensity>0.200 0.000</light_artificial_int_up_intensity>
    <ped_light_col_r>0.733 1.000</ped_light_col_r>
    <ped_light_col_g>1.000 1.000</ped_light_col_g>
    <ped_light_col_b>0.502 1.000</ped_light_col_b>
    <ped_light_mult>0.100 1.000</ped_light_mult>
    <postfx_bright_pass_thresh_width>0.700 0.000</postfx_bright_pass_thresh_width>
    <postfx_bright_pass_thresh>0.700 0.000</postfx_bright_pass_thresh>
    <postfx_intensity_bloom>1.000 0.000</postfx_intensity_bloom>
    <sky_hdr>0.000 0.000</sky_hdr>
    <water_interior>1.000 0.000</water_interior>
    <fog_start>10.000 10.000</fog_start>
    <fog_near_col_r>0.012 1.000</fog_near_col_r>
    <fog_near_col_g>0.604 1.000</fog_near_col_g>
    <fog_near_col_b>1.000 1.000</fog_near_col_b>
    <fog_near_col_a>0.000 1.000</fog_near_col_a>
    <fog_col_r>0.412 1.000</fog_col_r>
    <fog_col_g>0.573 1.000</fog_col_g>
    <fog_col_b>0.773 1.000</fog_col_b>
    <fog_col_a>0.000 1.000</fog_col_a>
    <fog_east_col_r>0.412 1.000</fog_east_col_r>
    <fog_east_col_g>0.573 1.000</fog_east_col_g>
    <fog_east_col_b>0.773 1.000</fog_east_col_b>
    <fog_east_col_a>0.000 1.000</fog_east_col_a>
    <fog_density>100.000 100.000</fog_density>
    <fog_falloff>0.500 0.500</fog_falloff>
    <fog_base_height>0.000 0.000</fog_base_height>
    <fog_alpha>1.000 1.000</fog_alpha>
    <fog_horizon_tint_scale>4.000 4.000</fog_horizon_tint_scale>
    <fog_hdr>0.000 1.000</fog_hdr>
    <fog_haze_col_r>0.004 1.000</fog_haze_col_r>
    <fog_haze_col_g>0.012 1.000</fog_haze_col_g>
    <fog_haze_col_b>0.012 1.000</fog_haze_col_b>
    <fog_haze_density>0.500 0.500</fog_haze_density>
    <fog_haze_alpha>1.000 1.000</fog_haze_alpha>
    <fog_haze_hdr>1.000 1.000</fog_haze_hdr>
    <fog_haze_start>0.000 0.000</fog_haze_start>
    <fog_shadow_amount>0.000 0.000</fog_shadow_amount>
    <fog_shadow_falloff>1.000 0.000</fog_shadow_falloff>
    <fog_shadow_base_height>0.000 0.000</fog_shadow_base_height>
    <reflection_slod_range_end>100.000 0.000</reflection_slod_range_end>
    <reflection_interior_range>100.000 0.000</reflection_interior_range>
    <far_clip>0.000 200.000</far_clip>
    <natural_ambient_multiplier>0.000 0.000</natural_ambient_multiplier>
    <artificial_int_ambient_multiplier>0.300 0.000</artificial_int_ambient_multiplier>
    <no_weather_fx>1.000 0.000</no_weather_fx>
    <no_gpu_fx>1.000 0.000</no_gpu_fx>
    <entity_reject>6000.000 0.000</entity_reject>
  </modifier>
  <modifier name="facebook_serveroom" numMods="30" userFlags="0">
    <light_natural_amb_down_col_r>0.275 0.507</light_natural_amb_down_col_r>
    <light_natural_amb_down_col_g>0.812 0.507</light_natural_amb_down_col_g>
    <light_natural_amb_down_col_b>0.624 0.507</light_natural_amb_down_col_b>
    <light_natural_amb_up_col_r>0.275 0.500</light_natural_amb_up_col_r>
    <light_natural_amb_up_col_g>0.812 0.500</light_natural_amb_up_col_g>
    <light_natural_amb_up_col_b>0.624 0.500</light_natural_amb_up_col_b>
    <light_artificial_int_down_col_r>0.918 1.000</light_artificial_int_down_col_r>
    <light_artificial_int_down_col_g>0.718 1.000</light_artificial_int_down_col_g>
    <light_artificial_int_down_col_b>0.416 1.000</light_artificial_int_down_col_b>
    <light_artificial_int_down_intensity>0.500 0.000</light_artificial_int_down_intensity>
    <light_artificial_int_up_col_r>0.710 1.000</light_artificial_int_up_col_r>
    <light_artificial_int_up_col_g>0.627 1.000</light_artificial_int_up_col_g>
    <light_artificial_int_up_col_b>0.878 1.000</light_artificial_int_up_col_b>
    <light_artificial_int_up_intensity>0.300 0.000</light_artificial_int_up_intensity>
    <ssao_inten>5.000 0.000</ssao_inten>
    <light_ped_rim_mult>0.200 0.000</light_ped_rim_mult>
    <postfx_bright_pass_thresh_width>0.700 0.000</postfx_bright_pass_thresh_width>
    <postfx_bright_pass_thresh>0.700 0.000</postfx_bright_pass_thresh>
    <postfx_intensity_bloom>1.000 0.000</postfx_intensity_bloom>
    <lens_artefacts_intensity>0.000 0.000</lens_artefacts_intensity>
    <fog_start>73.000 73.000</fog_start>
    <reflection_tweak_interior_amb>32.000 0.000</reflection_tweak_interior_amb>
    <far_clip>500.000 500.000</far_clip>
    <temperature>20.000 0.000</temperature>
    <particle_light_intensity_mult>0.000 1.000</particle_light_intensity_mult>
    <natural_ambient_multiplier>0.200 0.000</natural_ambient_multiplier>
    <artificial_int_ambient_multiplier>0.800 0.000</artificial_int_ambient_multiplier>
    <no_weather_fx>0.000 0.000</no_weather_fx>
    <no_gpu_fx>0.000 0.000</no_gpu_fx>
    <wind_speed_mult>0.000 0.000</wind_speed_mult>
  </modifier>
  <modifier name="V_Office_smoke_Fire" numMods="17" userFlags="0">
    <light_directional_amb_col_r>0.000 1.000</light_directional_amb_col_r>
    <light_directional_amb_col_g>0.000 1.000</light_directional_amb_col_g>
    <light_directional_amb_col_b>0.000 1.000</light_directional_amb_col_b>
    <light_artificial_int_down_col_r>0.890 1.000</light_artificial_int_down_col_r>
    <light_artificial_int_down_col_g>0.890 1.000</light_artificial_int_down_col_g>
    <light_artificial_int_down_col_b>0.749 1.000</light_artificial_int_down_col_b>
    <light_artificial_int_down_intensity>0.150 0.000</light_artificial_int_down_intensity>
    <light_artificial_int_up_col_r>0.871 1.000</light_artificial_int_up_col_r>
    <light_artificial_int_up_col_g>0.843 1.000</light_artificial_int_up_col_g>
    <light_artificial_int_up_col_b>0.714 1.000</light_artificial_int_up_col_b>
    <light_artificial_int_up_intensity>0.170 0.000</light_artificial_int_up_intensity>
    <postfx_bright_pass_thresh_width>0.000 0.000</postfx_bright_pass_thresh_width>
    <postfx_bright_pass_thresh>0.000 0.000</postfx_bright_pass_thresh>
    <postfx_intensity_bloom>0.125 0.000</postfx_intensity_bloom>
    <particle_light_intensity_mult>1.000 1.000</particle_light_intensity_mult>
    <natural_ambient_multiplier>0.100 0.000</natural_ambient_multiplier>
    <artificial_int_ambient_multiplier>0.275 0.000</artificial_int_ambient_multiplier>
  </modifier>
  <modifier name="V_FIB_IT3_alt5" numMods="23" userFlags="0">
    <light_directional_amb_col_r>0.000 1.000</light_directional_amb_col_r>
    <light_directional_amb_col_g>0.000 1.000</light_directional_amb_col_g>
    <light_directional_amb_col_b>0.000 1.000</light_directional_amb_col_b>
    <light_amb_down_wrap>0.800 0.000</light_amb_down_wrap>
    <light_artificial_int_down_col_r>0.980 1.000</light_artificial_int_down_col_r>
    <light_artificial_int_down_col_g>0.824 1.000</light_artificial_int_down_col_g>
    <light_artificial_int_down_col_b>0.416 1.000</light_artificial_int_down_col_b>
    <light_artificial_int_down_intensity>0.250 0.000</light_artificial_int_down_intensity>
    <light_artificial_int_up_col_r>0.980 1.000</light_artificial_int_up_col_r>
    <light_artificial_int_up_col_g>0.718 1.000</light_artificial_int_up_col_g>
    <light_artificial_int_up_col_b>0.408 1.000</light_artificial_int_up_col_b>
    <light_artificial_int_up_intensity>0.200 0.000</light_artificial_int_up_intensity>
    <ped_light_col_r>1.000 1.000</ped_light_col_r>
    <ped_light_col_g>0.259 1.000</ped_light_col_g>
    <ped_light_col_b>0.008 1.000</ped_light_col_b>
    <ped_light_mult>0.300 1.000</ped_light_mult>
    <postfx_bright_pass_thresh_width>1.000 0.000</postfx_bright_pass_thresh_width>
    <postfx_bright_pass_thresh>1.000 0.000</postfx_bright_pass_thresh>
    <postfx_intensity_bloom>0.500 0.000</postfx_intensity_bloom>
    <reflection_interior_range>100.000 0.000</reflection_interior_range>
    <particle_light_intensity_mult>1.000 1.000</particle_light_intensity_mult>
    <natural_ambient_multiplier>0.000 0.000</natural_ambient_multiplier>
    <artificial_int_ambient_multiplier>0.375 0.000</artificial_int_ambient_multiplier>
  </modifier>
  <modifier name="int_Hospital_DM" numMods="20" userFlags="0">
    <light_directional_amb_col_r>0.000 1.000</light_directional_amb_col_r>
    <light_directional_amb_col_g>0.000 1.000</light_directional_amb_col_g>
    <light_directional_amb_col_b>0.000 1.000</light_directional_amb_col_b>
    <light_amb_down_wrap>0.531 0.000</light_amb_down_wrap>
    <light_artificial_int_down_col_r>0.875 1.000</light_artificial_int_down_col_r>
    <light_artificial_int_down_col_g>0.910 1.000</light_artificial_int_down_col_g>
    <light_artificial_int_down_col_b>0.894 1.000</light_artificial_int_down_col_b>
    <light_artificial_int_down_intensity>1.250 0.000</light_artificial_int_down_intensity>
    <light_artificial_int_up_col_r>0.839 1.000</light_artificial_int_up_col_r>
    <light_artificial_int_up_col_g>0.859 1.000</light_artificial_int_up_col_g>
    <light_artificial_int_up_col_b>0.875 1.000</light_artificial_int_up_col_b>
    <light_artificial_int_up_intensity>0.300 0.000</light_artificial_int_up_intensity>
    <ssao_inten>0.000 0.000</ssao_inten>
    <postfx_exposure>0.192 0.000</postfx_exposure>
    <postfx_bright_pass_thresh>1.000 0.000</postfx_bright_pass_thresh>
    <postfx_intensity_bloom>0.250 0.000</postfx_intensity_bloom>
    <far_clip>0.000 200.000</far_clip>
    <temperature>20.000 0.000</temperature>
    <natural_ambient_multiplier>0.300 0.000</natural_ambient_multiplier>
    <artificial_int_ambient_multiplier>0.000 0.000</artificial_int_ambient_multiplier>
  </modifier>
  <modifier name="int_Hospital2_DM" numMods="30" userFlags="0">
    <light_directional_amb_col_r>0.000 1.000</light_directional_amb_col_r>
    <light_directional_amb_col_g>0.000 1.000</light_directional_amb_col_g>
    <light_directional_amb_col_b>0.000 1.000</light_directional_amb_col_b>
    <light_amb_down_wrap>0.358 0.000</light_amb_down_wrap>
    <light_artificial_int_down_col_r>0.875 1.000</light_artificial_int_down_col_r>
    <light_artificial_int_down_col_g>0.910 1.000</light_artificial_int_down_col_g>
    <light_artificial_int_down_col_b>0.890 1.000</light_artificial_int_down_col_b>
    <light_artificial_int_down_intensity>0.000 0.000</light_artificial_int_down_intensity>
    <light_artificial_int_up_col_r>0.835 1.000</light_artificial_int_up_col_r>
    <light_artificial_int_up_col_g>0.859 1.000</light_artificial_int_up_col_g>
    <light_artificial_int_up_col_b>0.875 1.000</light_artificial_int_up_col_b>
    <light_artificial_int_up_intensity>0.250 0.000</light_artificial_int_up_intensity>
    <ssao_inten>0.000 0.000</ssao_inten>
    <postfx_exposure>0.192 0.000</postfx_exposure>
    <postfx_bright_pass_thresh_width>1.000 0.000</postfx_bright_pass_thresh_width>
    <postfx_bright_pass_thresh>1.000 0.000</postfx_bright_pass_thresh>
    <postfx_intensity_bloom>0.200 0.000</postfx_intensity_bloom>
    <postfx_grad_top_col_r>0.000 0.000</postfx_grad_top_col_r>
    <postfx_grad_top_col_g>0.325 0.000</postfx_grad_top_col_g>
    <postfx_grad_top_col_b>1.000 0.000</postfx_grad_top_col_b>
    <postfx_grad_middle_col_r>0.561 0.000</postfx_grad_middle_col_r>
    <postfx_grad_middle_col_g>0.886 0.000</postfx_grad_middle_col_g>
    <postfx_grad_middle_col_b>1.000 0.000</postfx_grad_middle_col_b>
    <postfx_grad_midpoint>0.000 0.000</postfx_grad_midpoint>
    <postfx_grad_top_middle_midpoint>0.241 0.000</postfx_grad_top_middle_midpoint>
    <reflection_tweak_interior_amb>64.000 0.000</reflection_tweak_interior_amb>
    <far_clip>0.000 200.000</far_clip>
    <temperature>20.000 0.000</temperature>
    <natural_ambient_multiplier>0.075 0.000</natural_ambient_multiplier>
    <artificial_int_ambient_multiplier>0.625 0.000</artificial_int_ambient_multiplier>
  </modifier>
  <modifier name="int_Barber1" numMods="27" userFlags="0">
    <light_directional_amb_col_r>0.000 1.000</light_directional_amb_col_r>
    <light_directional_amb_col_g>0.000 1.000</light_directional_amb_col_g>
    <light_directional_amb_col_b>0.000 1.000</light_directional_amb_col_b>
    <light_artificial_int_down_col_r>0.918 1.000</light_artificial_int_down_col_r>
    <light_artificial_int_down_col_g>0.816 1.000</light_artificial_int_down_col_g>
    <light_artificial_int_down_col_b>0.502 1.000</light_artificial_int_down_col_b>
    <light_artificial_int_down_intensity>0.700 0.000</light_artificial_int_down_intensity>
    <light_artificial_int_up_col_r>1.000 1.000</light_artificial_int_up_col_r>
    <light_artificial_int_up_col_g>0.800 1.000</light_artificial_int_up_col_g>
    <light_artificial_int_up_col_b>0.471 1.000</light_artificial_int_up_col_b>
    <light_artificial_int_up_intensity>0.700 0.000</light_artificial_int_up_intensity>
    <ped_light_col_r>0.549 1.000</ped_light_col_r>
    <ped_light_col_g>0.761 1.000</ped_light_col_g>
    <ped_light_col_b>1.000 1.000</ped_light_col_b>
    <ped_light_mult>0.700 1.000</ped_light_mult>
    <postfx_bright_pass_thresh_width>1.000 0.000</postfx_bright_pass_thresh_width>
    <postfx_bright_pass_thresh>0.500 0.000</postfx_bright_pass_thresh>
    <postfx_intensity_bloom>0.300 0.000</postfx_intensity_bloom>
    <dir_shadow_num_cascades>3.000 0.000</dir_shadow_num_cascades>
    <fog_start>73.000 73.000</fog_start>
    <reflection_lod_range_start>0.000 0.000</reflection_lod_range_start>
    <reflection_lod_range_end>0.000 0.000</reflection_lod_range_end>
    <reflection_slod_range_start>0.000 0.000</reflection_slod_range_start>
    <reflection_slod_range_end>0.000 0.000</reflection_slod_range_end>
    <temperature>20.000 0.000</temperature>
    <natural_ambient_multiplier>0.300 0.000</natural_ambient_multiplier>
    <artificial_int_ambient_multiplier>1.000 0.000</artificial_int_ambient_multiplier>
  </modifier>
  <modifier name="int_tattoo_B" numMods="32" userFlags="0">
    <light_directional_amb_col_r>1.000 0.910</light_directional_amb_col_r>
    <light_directional_amb_col_g>0.910 0.910</light_directional_amb_col_g>
    <light_directional_amb_col_b>0.455 0.910</light_directional_amb_col_b>
    <light_amb_down_wrap>0.641 0.000</light_amb_down_wrap>
    <light_artificial_int_down_col_r>0.890 1.000</light_artificial_int_down_col_r>
    <light_artificial_int_down_col_g>0.875 1.000</light_artificial_int_down_col_g>
    <light_artificial_int_down_col_b>0.675 1.000</light_artificial_int_down_col_b>
    <light_artificial_int_down_intensity>1.300 0.000</light_artificial_int_down_intensity>
    <light_artificial_int_up_col_r>1.000 1.000</light_artificial_int_up_col_r>
    <light_artificial_int_up_col_g>0.824 1.000</light_artificial_int_up_col_g>
    <light_artificial_int_up_col_b>0.522 1.000</light_artificial_int_up_col_b>
    <light_artificial_int_up_intensity>1.300 0.000</light_artificial_int_up_intensity>
    <ped_light_col_r>0.941 1.000</ped_light_col_r>
    <ped_light_col_g>1.000 1.000</ped_light_col_g>
    <ped_light_col_b>0.180 1.000</ped_light_col_b>
    <ped_light_mult>0.200 1.000</ped_light_mult>
    <postfx_exposure>-0.252 0.000</postfx_exposure>
    <postfx_bright_pass_thresh_width>0.400 0.000</postfx_bright_pass_thresh_width>
    <postfx_bright_pass_thresh>0.500 0.000</postfx_bright_pass_thresh>
    <postfx_intensity_bloom>0.500 0.000</postfx_intensity_bloom>
    <dir_shadow_num_cascades>3.000 0.000</dir_shadow_num_cascades>
    <dir_shadow_distance_multiplier>0.700 0.000</dir_shadow_distance_multiplier>
    <fog_start>30.000 30.000</fog_start>
    <reflection_lod_range_start>0.000 0.000</reflection_lod_range_start>
    <reflection_lod_range_end>0.000 0.000</reflection_lod_range_end>
    <reflection_slod_range_start>0.000 0.000</reflection_slod_range_start>
    <reflection_slod_range_end>0.000 0.000</reflection_slod_range_end>
    <reflection_tweak_interior_amb>15.000 0.000</reflection_tweak_interior_amb>
    <far_clip>150.000 150.000</far_clip>
    <temperature>20.000 0.000</temperature>
    <natural_ambient_multiplier>0.000 0.000</natural_ambient_multiplier>
    <artificial_int_ambient_multiplier>0.500 0.000</artificial_int_ambient_multiplier>
  </modifier>
</timecycle_modifier_data>