<?xml version="1.0" encoding="UTF-8"?>
<!-- neiv only-night -->
<timecycle_modifier_data version="1.000000">
  <modifier name="nextgen" numMods="5" userFlags="0">
    <postfx_motionblurlength>1.000 1.000</postfx_motionblurlength>
    <postfx_tonemap_filmic_a>0.220 0.000</postfx_tonemap_filmic_a>
    <lens_dist_coeff>-0.040 0.000</lens_dist_coeff>
    <lens_dist_cube_coeff>-0.020 0.000</lens_dist_cube_coeff>
    <chrom_aberration_coeff>0.010 0.000</chrom_aberration_coeff>
    <chrom_aberration_coeff2>-0.005 0.000</chrom_aberration_coeff2>
  </modifier>
  <modifier name="underwater" numMods="0" userFlags="0">
  </modifier>
  <modifier name="Tunnel" numMods="13" userFlags="0">
    <light_amb_down_wrap>0.200 0.000</light_amb_down_wrap>
    <light_natural_push>0.000 0.000</light_natural_push>
    <light_artificial_ext_down_col_r>1.000 1.000</light_artificial_ext_down_col_r>
    <light_artificial_ext_down_col_g>0.451 1.000</light_artificial_ext_down_col_g>
    <light_artificial_ext_down_col_b>0.000 1.000</light_artificial_ext_down_col_b>
    <light_artificial_ext_down_intensity>1.000 0.000</light_artificial_ext_down_intensity>
    <light_artificial_ext_up_col_r>0.969 1.000</light_artificial_ext_up_col_r>
    <light_artificial_ext_up_col_g>0.322 1.000</light_artificial_ext_up_col_g>
    <light_artificial_ext_up_col_b>0.000 1.000</light_artificial_ext_up_col_b>
    <light_artificial_ext_up_intensity>0.300 0.000</light_artificial_ext_up_intensity>
    <fog_haze_hdr>0.000 1.000</fog_haze_hdr>
    <natural_ambient_multiplier>0.000 0.000</natural_ambient_multiplier>
    <artificial_int_ambient_multiplier>1.000 0.000</artificial_int_ambient_multiplier>
  </modifier>
  <modifier name="NEW_tunnels" numMods="27" userFlags="0">
    <light_amb_down_wrap>0.400 0.000</light_amb_down_wrap>
    <light_artificial_int_down_col_r>0.875 1.000</light_artificial_int_down_col_r>
    <light_artificial_int_down_col_g>0.910 1.000</light_artificial_int_down_col_g>
    <light_artificial_int_down_col_b>0.882 1.000</light_artificial_int_down_col_b>
    <light_artificial_int_down_intensity>1.000 0.000</light_artificial_int_down_intensity>
    <light_artificial_int_up_col_r>0.937 1.000</light_artificial_int_up_col_r>
    <light_artificial_int_up_col_g>0.757 1.000</light_artificial_int_up_col_g>
    <light_artificial_int_up_col_b>0.475 1.000</light_artificial_int_up_col_b>
    <light_artificial_int_up_intensity>0.300 0.000</light_artificial_int_up_intensity>
    <ped_light_col_r>1.000 1.000</ped_light_col_r>
    <ped_light_col_g>0.753 1.000</ped_light_col_g>
    <ped_light_col_b>0.502 1.000</ped_light_col_b>
    <ped_light_mult>0.200 1.000</ped_light_mult>
    <light_amb_occ_mult>1.000 0.000</light_amb_occ_mult>
    <light_amb_occ_mult_veh>1.000 0.000</light_amb_occ_mult_veh>
    <light_amb_volumes_in_diffuse>0.000 0.000</light_amb_volumes_in_diffuse>
    <light_vehicle_second_spec_override>1.000 0.000</light_vehicle_second_spec_override>
    <postfx_bright_pass_thresh_width>0.750 0.000</postfx_bright_pass_thresh_width>
    <postfx_bright_pass_thresh>0.750 0.000</postfx_bright_pass_thresh>
    <postfx_intensity_bloom>1.000 0.000</postfx_intensity_bloom>
    <fog_hdr>0.000 0.950</fog_hdr>
    <fog_haze_hdr>0.000 0.960</fog_haze_hdr>
    <fogray_nearfade>0.500 0.000</fogray_nearfade>
    <far_clip>0.000 400.000</far_clip>
    <natural_ambient_multiplier>0.000 0.000</natural_ambient_multiplier>
    <artificial_int_ambient_multiplier>0.600 0.000</artificial_int_ambient_multiplier>
    <entity_reject>1000.000 0.000</entity_reject>
  </modifier>
  <modifier name="NEW_yellowtunnels" numMods="55" userFlags="0">
    <light_directional_amb_intensity>0.000 0.000</light_directional_amb_intensity>
    <light_amb_down_wrap>0.200 0.000</light_amb_down_wrap>
    <light_artificial_int_down_col_r>0.922 1.000</light_artificial_int_down_col_r>
    <light_artificial_int_down_col_g>0.824 1.000</light_artificial_int_down_col_g>
    <light_artificial_int_down_col_b>0.435 1.000</light_artificial_int_down_col_b>
    <light_artificial_int_down_intensity>0.500 0.000</light_artificial_int_down_intensity>
    <light_artificial_int_up_col_r>0.925 1.000</light_artificial_int_up_col_r>
    <light_artificial_int_up_col_g>0.580 1.000</light_artificial_int_up_col_g>
    <light_artificial_int_up_col_b>0.090 1.000</light_artificial_int_up_col_b>
    <light_artificial_int_up_intensity>0.200 0.000</light_artificial_int_up_intensity>
    <ped_light_col_r>1.000 1.000</ped_light_col_r>
    <ped_light_col_g>0.753 1.000</ped_light_col_g>
    <ped_light_col_b>0.337 1.000</ped_light_col_b>
    <ped_light_mult>0.400 1.000</ped_light_mult>
    <ssao_inten>6.000 0.000</ssao_inten>
    <postfx_bright_pass_thresh_width>0.750 0.000</postfx_bright_pass_thresh_width>
    <postfx_bright_pass_thresh>0.500 0.000</postfx_bright_pass_thresh>
    <postfx_intensity_bloom>1.000 0.000</postfx_intensity_bloom>
    <dof_far>130.750 0.000</dof_far>
    <dof_blur_far>0.700 0.000</dof_blur_far>
    <water_interior>1.000 0.000</water_interior>
    <fog_start>73.000 73.000</fog_start>
    <fog_near_col_r>0.000 1.000</fog_near_col_r>
    <fog_near_col_g>0.004 1.000</fog_near_col_g>
    <fog_near_col_b>0.000 1.000</fog_near_col_b>
    <fog_near_col_a>0.000 1.000</fog_near_col_a>
    <fog_col_r>0.000 1.000</fog_col_r>
    <fog_col_g>0.004 1.000</fog_col_g>
    <fog_col_b>0.000 1.000</fog_col_b>
    <fog_col_a>0.000 1.000</fog_col_a>
    <fog_east_col_r>0.000 1.000</fog_east_col_r>
    <fog_east_col_g>0.004 1.000</fog_east_col_g>
    <fog_east_col_b>0.000 1.000</fog_east_col_b>
    <fog_east_col_a>0.000 1.000</fog_east_col_a>
    <fog_density>1.000 1.000</fog_density>
    <fog_falloff>0.500 0.500</fog_falloff>
    <fog_base_height>0.000 0.000</fog_base_height>
    <fog_alpha>1.000 1.000</fog_alpha>
    <fog_horizon_tint_scale>4.000 4.000</fog_horizon_tint_scale>
    <fog_hdr>0.200 1.000</fog_hdr>
    <fog_haze_col_r>0.000 1.000</fog_haze_col_r>
    <fog_haze_col_g>0.000 1.000</fog_haze_col_g>
    <fog_haze_col_b>0.000 1.000</fog_haze_col_b>
    <fog_haze_density>1.000 1.000</fog_haze_density>
    <fog_haze_alpha>1.000 1.000</fog_haze_alpha>
    <fog_haze_hdr>1.000 1.000</fog_haze_hdr>
    <fog_haze_start>0.000 0.000</fog_haze_start>
    <fog_shadow_amount>0.000 0.000</fog_shadow_amount>
    <fog_shadow_falloff>1.000 0.000</fog_shadow_falloff>
    <fog_shadow_base_height>0.000 0.000</fog_shadow_base_height>
    <reflection_interior_range>100.000 0.000</reflection_interior_range>
    <far_clip>1200.000 1200.000</far_clip>
    <natural_ambient_multiplier>0.000 0.000</natural_ambient_multiplier>
    <artificial_int_ambient_multiplier>0.500 0.000</artificial_int_ambient_multiplier>
    <entity_reject>6000.000 0.000</entity_reject>
  </modifier>
  <modifier name="NEW_tunnels_hole" numMods="31" userFlags="0">
    <light_amb_down_wrap>0.200 0.000</light_amb_down_wrap>
    <light_artificial_int_down_col_r>0.875 1.000</light_artificial_int_down_col_r>
    <light_artificial_int_down_col_g>0.910 1.000</light_artificial_int_down_col_g>
    <light_artificial_int_down_col_b>0.878 1.000</light_artificial_int_down_col_b>
    <light_artificial_int_down_intensity>0.250 0.000</light_artificial_int_down_intensity>
    <light_artificial_int_up_col_r>0.933 1.000</light_artificial_int_up_col_r>
    <light_artificial_int_up_col_g>0.757 1.000</light_artificial_int_up_col_g>
    <light_artificial_int_up_col_b>0.475 1.000</light_artificial_int_up_col_b>
    <light_artificial_int_up_intensity>0.250 0.000</light_artificial_int_up_intensity>
    <ped_light_col_r>1.000 0.500</ped_light_col_r>
    <ped_light_col_g>1.000 0.500</ped_light_col_g>
    <ped_light_col_b>0.737 0.500</ped_light_col_b>
    <ssao_inten>4.000 0.000</ssao_inten>
    <light_vehicle_second_spec_override>1.000 0.000</light_vehicle_second_spec_override>
    <sun_direction_x>0.320 0.000</sun_direction_x>
    <sun_direction_y>-0.728 0.000</sun_direction_y>
    <sun_direction_z>1.000 0.000</sun_direction_z>
    <postfx_bright_pass_thresh_width>0.500 0.000</postfx_bright_pass_thresh_width>
    <postfx_bright_pass_thresh>0.500 0.000</postfx_bright_pass_thresh>
    <postfx_intensity_bloom>1.000 0.000</postfx_intensity_bloom>
    <fog_hdr>0.000 0.950</fog_hdr>
    <fog_haze_hdr>0.000 0.950</fog_haze_hdr>
    <reflection_interior_range>100.000 0.000</reflection_interior_range>
    <reflection_tweak_interior_amb>64.000 0.000</reflection_tweak_interior_amb>
    <reflection_tweak_directional>1.000 0.000</reflection_tweak_directional>
    <far_clip>0.000 400.000</far_clip>
    <natural_ambient_multiplier>0.000 0.000</natural_ambient_multiplier>
    <artificial_int_ambient_multiplier>0.500 0.000</artificial_int_ambient_multiplier>
    <no_gpu_fx>1.000 0.000</no_gpu_fx>
    <wind_speed_mult>1.000 0.000</wind_speed_mult>
    <entity_reject>1000.000 0.000</entity_reject>
  </modifier>
  <modifier name="NEW_tunnels_ditch" numMods="30" userFlags="0">
    <light_amb_down_wrap>0.200 0.000</light_amb_down_wrap>
    <light_artificial_int_down_col_r>0.875 1.000</light_artificial_int_down_col_r>
    <light_artificial_int_down_col_g>0.910 1.000</light_artificial_int_down_col_g>
    <light_artificial_int_down_col_b>0.875 1.000</light_artificial_int_down_col_b>
    <light_artificial_int_down_intensity>1.000 0.000</light_artificial_int_down_intensity>
    <light_artificial_int_up_col_r>0.929 1.000</light_artificial_int_up_col_r>
    <light_artificial_int_up_col_g>0.757 1.000</light_artificial_int_up_col_g>
    <light_artificial_int_up_col_b>0.475 1.000</light_artificial_int_up_col_b>
    <light_artificial_int_up_intensity>0.200 0.000</light_artificial_int_up_intensity>
    <ped_light_col_r>0.835 1.000</ped_light_col_r>
    <ped_light_col_g>0.659 1.000</ped_light_col_g>
    <ped_light_col_b>0.310 1.000</ped_light_col_b>
    <ped_light_mult>0.150 1.000</ped_light_mult>
    <light_direction_override>1.000 0.000</light_direction_override>
    <sun_direction_x>-0.010 0.000</sun_direction_x>
    <sun_direction_y>-0.674 0.000</sun_direction_y>
    <sun_direction_z>1.000 0.000</sun_direction_z>
    <postfx_bright_pass_thresh>0.500 0.000</postfx_bright_pass_thresh>
    <postfx_intensity_bloom>0.250 0.000</postfx_intensity_bloom>
    <fog_start>0.000 0.000</fog_start>
    <fog_density>0.000 1.000</fog_density>
    <fog_haze_col_r>0.000 1.000</fog_haze_col_r>
    <fog_haze_col_g>0.000 1.000</fog_haze_col_g>
    <fog_haze_col_b>0.000 1.000</fog_haze_col_b>
    <fog_haze_hdr>0.000 1.000</fog_haze_hdr>
    <reflection_interior_range>20.000 0.000</reflection_interior_range>
    <far_clip>0.000 200.000</far_clip>
    <natural_ambient_multiplier>0.000 0.000</natural_ambient_multiplier>
    <artificial_int_ambient_multiplier>0.600 0.000</artificial_int_ambient_multiplier>
    <entity_reject>500.000 0.000</entity_reject>
  </modifier>
  <modifier name="TUNNEL_green" numMods="32" userFlags="0">
    <light_amb_down_wrap>0.400 0.000</light_amb_down_wrap>
    <light_natural_push>0.000 0.000</light_natural_push>
    <light_ambient_bake_ramp>1.000 0.000</light_ambient_bake_ramp>
    <light_artificial_int_down_col_r>0.247 1.000</light_artificial_int_down_col_r>
    <light_artificial_int_down_col_g>1.000 1.000</light_artificial_int_down_col_g>
    <light_artificial_int_down_col_b>0.247 1.000</light_artificial_int_down_col_b>
    <light_artificial_int_down_intensity>2.000 0.000</light_artificial_int_down_intensity>
    <light_artificial_int_up_col_r>0.455 1.000</light_artificial_int_up_col_r>
    <light_artificial_int_up_col_g>1.000 1.000</light_artificial_int_up_col_g>
    <light_artificial_int_up_col_b>0.784 1.000</light_artificial_int_up_col_b>
    <light_artificial_int_up_intensity>1.000 0.000</light_artificial_int_up_intensity>
    <light_amb_occ_mult>1.000 0.000</light_amb_occ_mult>
    <light_amb_occ_mult_ped>0.700 0.000</light_amb_occ_mult_ped>
    <light_amb_occ_mult_veh>1.000 0.000</light_amb_occ_mult_veh>
    <light_amb_occ_mult_prop>0.700 0.000</light_amb_occ_mult_prop>
    <light_amb_volumes_in_diffuse>1.000 0.000</light_amb_volumes_in_diffuse>
    <light_vehicle_second_spec_override>1.000 0.000</light_vehicle_second_spec_override>
    <postfx_bright_pass_thresh_width>0.500 0.000</postfx_bright_pass_thresh_width>
    <postfx_bright_pass_thresh>0.500 0.000</postfx_bright_pass_thresh>
    <postfx_intensity_bloom>0.500 0.000</postfx_intensity_bloom>
    <fog_hdr>0.000 0.950</fog_hdr>
    <fog_haze_hdr>0.000 0.950</fog_haze_hdr>
    <fogray_density>0.000 0.000</fogray_density>
    <reflection_lod_range_start>0.000 0.000</reflection_lod_range_start>
    <reflection_lod_range_end>50.000 0.000</reflection_lod_range_end>
    <reflection_slod_range_start>100.000 0.000</reflection_slod_range_start>
    <reflection_slod_range_end>300.000 0.000</reflection_slod_range_end>
    <reflection_interior_range>100.000 0.000</reflection_interior_range>
    <far_clip>1000.000 1000.000</far_clip>
    <natural_ambient_multiplier>0.000 0.000</natural_ambient_multiplier>
    <artificial_int_ambient_multiplier>0.600 0.000</artificial_int_ambient_multiplier>
    <portal_weight>2.000 0.000</portal_weight>
  </modifier>
  <modifier name="TUNNEL_yellow" numMods="32" userFlags="0">
    <light_directional_amb_intensity>0.000 0.000</light_directional_amb_intensity>
    <light_amb_down_wrap>0.200 0.000</light_amb_down_wrap>
    <light_artificial_int_down_col_r>0.922 1.000</light_artificial_int_down_col_r>
    <light_artificial_int_down_col_g>0.824 1.000</light_artificial_int_down_col_g>
    <light_artificial_int_down_col_b>0.439 1.000</light_artificial_int_down_col_b>
    <light_artificial_int_down_intensity>0.500 0.000</light_artificial_int_down_intensity>
    <light_artificial_int_up_col_r>0.929 1.000</light_artificial_int_up_col_r>
    <light_artificial_int_up_col_g>0.584 1.000</light_artificial_int_up_col_g>
    <light_artificial_int_up_col_b>0.094 1.000</light_artificial_int_up_col_b>
    <light_artificial_int_up_intensity>0.200 0.000</light_artificial_int_up_intensity>
    <ped_light_col_r>1.000 1.000</ped_light_col_r>
    <ped_light_col_g>0.710 1.000</ped_light_col_g>
    <ped_light_col_b>0.302 1.000</ped_light_col_b>
    <ped_light_mult>0.200 1.000</ped_light_mult>
    <light_amb_occ_mult_veh>1.000 0.000</light_amb_occ_mult_veh>
    <light_amb_volumes_in_diffuse>1.000 0.000</light_amb_volumes_in_diffuse>
    <ssao_inten>6.000 0.000</ssao_inten>
    <postfx_bright_pass_thresh_width>1.000 0.000</postfx_bright_pass_thresh_width>
    <postfx_bright_pass_thresh>1.100 0.000</postfx_bright_pass_thresh>
    <postfx_intensity_bloom>0.300 0.000</postfx_intensity_bloom>
    <postfx_shift_cutoff>0.000 0.000</postfx_shift_cutoff>
    <dof_far>130.750 0.000</dof_far>
    <dof_blur_far>0.700 0.000</dof_blur_far>
    <fog_density>0.000 50.000</fog_density>
    <fog_hdr>0.000 0.950</fog_hdr>
    <fog_haze_hdr>0.000 0.950</fog_haze_hdr>
    <fog_haze_start>500.000 500.000</fog_haze_start>
    <reflection_interior_range>200.000 0.000</reflection_interior_range>
    <far_clip>0.000 1500.000</far_clip>
    <natural_ambient_multiplier>0.000 0.000</natural_ambient_multiplier>
    <artificial_int_ambient_multiplier>0.800 0.000</artificial_int_ambient_multiplier>
    <portal_weight>2.000 0.000</portal_weight>
  </modifier>
  <modifier name="TUNNEL_white" numMods="36" userFlags="2">
    <light_directional_amb_intensity>0.000 0.000</light_directional_amb_intensity>
    <light_amb_down_wrap>0.200 0.000</light_amb_down_wrap>
    <light_artificial_int_down_col_r>0.918 1.000</light_artificial_int_down_col_r>
    <light_artificial_int_down_col_g>0.882 1.000</light_artificial_int_down_col_g>
    <light_artificial_int_down_col_b>0.741 1.000</light_artificial_int_down_col_b>
    <light_artificial_int_down_intensity>0.300 0.000</light_artificial_int_down_intensity>
    <light_artificial_int_up_col_r>0.890 1.000</light_artificial_int_up_col_r>
    <light_artificial_int_up_col_g>0.973 1.000</light_artificial_int_up_col_g>
    <light_artificial_int_up_col_b>1.000 1.000</light_artificial_int_up_col_b>
    <light_artificial_int_up_intensity>0.100 0.000</light_artificial_int_up_intensity>
    <ped_light_col_r>0.682 1.000</ped_light_col_r>
    <ped_light_col_g>1.000 1.000</ped_light_col_g>
    <ped_light_col_b>0.969 1.000</ped_light_col_b>
    <ped_light_mult>0.100 1.000</ped_light_mult>
    <light_amb_occ_mult>1.000 0.000</light_amb_occ_mult>
    <light_amb_occ_mult_ped>1.000 0.000</light_amb_occ_mult_ped>
    <light_amb_occ_mult_veh>1.000 0.000</light_amb_occ_mult_veh>
    <light_amb_occ_mult_prop>1.000 0.000</light_amb_occ_mult_prop>
    <light_amb_volumes_in_diffuse>1.000 0.000</light_amb_volumes_in_diffuse>
    <ssao_inten>6.000 0.000</ssao_inten>
    <light_vehicle_second_spec_override>1.000 0.000</light_vehicle_second_spec_override>
    <postfx_bright_pass_thresh_width>0.500 0.000</postfx_bright_pass_thresh_width>
    <postfx_bright_pass_thresh>0.500 0.000</postfx_bright_pass_thresh>
    <postfx_intensity_bloom>1.000 0.000</postfx_intensity_bloom>
    <dof_far>130.750 0.000</dof_far>
    <dof_blur_far>0.700 0.000</dof_blur_far>
    <fog_start>20.000 20.000</fog_start>
    <fog_hdr>0.000 0.950</fog_hdr>
    <fog_haze_hdr>0.000 1.000</fog_haze_hdr>
    <fogray_intensity>1.000 0.000</fogray_intensity>
    <reflection_interior_range>150.000 0.000</reflection_interior_range>
    <far_clip>0.000 500.000</far_clip>
    <natural_ambient_multiplier>0.000 0.000</natural_ambient_multiplier>
    <artificial_int_ambient_multiplier>0.500 0.000</artificial_int_ambient_multiplier>
    <entity_reject>6000.000 0.000</entity_reject>
    <portal_weight>2.000 0.000</portal_weight>
  </modifier>
  <modifier name="venice_canal_tunnel" numMods="47" userFlags="0">
    <light_natural_push>0.000 0.000</light_natural_push>
    <light_artificial_int_down_col_r>0.855 1.000</light_artificial_int_down_col_r>
    <light_artificial_int_down_col_g>0.875 1.000</light_artificial_int_down_col_g>
    <light_artificial_int_down_col_b>0.643 1.000</light_artificial_int_down_col_b>
    <light_artificial_int_down_intensity>0.500 0.000</light_artificial_int_down_intensity>
    <light_artificial_int_up_col_r>0.404 1.000</light_artificial_int_up_col_r>
    <light_artificial_int_up_col_g>0.682 1.000</light_artificial_int_up_col_g>
    <light_artificial_int_up_col_b>0.541 1.000</light_artificial_int_up_col_b>
    <light_artificial_int_up_intensity>0.800 0.000</light_artificial_int_up_intensity>
    <ped_light_col_r>0.863 1.000</ped_light_col_r>
    <ped_light_col_g>1.000 1.000</ped_light_col_g>
    <ped_light_col_b>0.502 1.000</ped_light_col_b>
    <ped_light_mult>0.100 1.000</ped_light_mult>
    <postfx_bright_pass_thresh_width>0.500 0.000</postfx_bright_pass_thresh_width>
    <postfx_bright_pass_thresh>0.500 0.000</postfx_bright_pass_thresh>
    <postfx_intensity_bloom>0.300 0.000</postfx_intensity_bloom>
    <lens_artefacts_intensity>0.100 0.000</lens_artefacts_intensity>
    <water_foglight>0.200 0.000</water_foglight>
    <water_interior>1.000 0.000</water_interior>
    <water_fogstreaming>1.000 0.000</water_fogstreaming>
    <water_foam_intensity_mult>0.200 0.000</water_foam_intensity_mult>
    <fog_start>23.000 23.000</fog_start>
    <fog_near_col_r>0.000 1.000</fog_near_col_r>
    <fog_near_col_g>0.000 1.000</fog_near_col_g>
    <fog_near_col_b>0.000 1.000</fog_near_col_b>
    <fog_near_col_a>1.000 1.000</fog_near_col_a>
    <fog_col_r>0.000 1.000</fog_col_r>
    <fog_col_g>0.000 1.000</fog_col_g>
    <fog_col_b>0.000 1.000</fog_col_b>
    <fog_col_a>1.000 1.000</fog_col_a>
    <fog_east_col_r>0.000 1.000</fog_east_col_r>
    <fog_east_col_g>0.000 1.000</fog_east_col_g>
    <fog_east_col_b>0.000 1.000</fog_east_col_b>
    <fog_east_col_a>1.000 1.000</fog_east_col_a>
    <fog_density>0.000 0.000</fog_density>
    <fog_hdr>0.000 0.950</fog_hdr>
    <fog_haze_col_r>0.000 0.950</fog_haze_col_r>
    <fog_haze_col_g>0.000 0.950</fog_haze_col_g>
    <fog_haze_col_b>0.000 0.950</fog_haze_col_b>
    <fog_haze_hdr>0.000 0.950</fog_haze_hdr>
    <reflection_interior_range>500.000 0.000</reflection_interior_range>
    <far_clip>1500.000 1500.000</far_clip>
    <temperature>28.000 0.000</temperature>
    <natural_ambient_multiplier>0.000 0.000</natural_ambient_multiplier>
    <artificial_int_ambient_multiplier>0.150 0.000</artificial_int_ambient_multiplier>
    <no_weather_fx>0.000 0.000</no_weather_fx>
    <portal_weight>3.000 0.000</portal_weight>
  </modifier>
  <modifier name="TUNNEL_orange" numMods="33" userFlags="2">
    <light_directional_amb_intensity>0.000 0.000</light_directional_amb_intensity>
    <light_amb_down_wrap>0.200 0.000</light_amb_down_wrap>
    <light_artificial_int_down_col_r>0.961 1.000</light_artificial_int_down_col_r>
    <light_artificial_int_down_col_g>0.439 1.000</light_artificial_int_down_col_g>
    <light_artificial_int_down_col_b>0.016 1.000</light_artificial_int_down_col_b>
    <light_artificial_int_down_intensity>0.500 0.000</light_artificial_int_down_intensity>
    <light_artificial_int_up_col_r>0.961 1.000</light_artificial_int_up_col_r>
    <light_artificial_int_up_col_g>0.353 1.000</light_artificial_int_up_col_g>
    <light_artificial_int_up_col_b>0.000 1.000</light_artificial_int_up_col_b>
    <light_artificial_int_up_intensity>0.200 0.000</light_artificial_int_up_intensity>
    <ped_light_col_r>0.961 1.000</ped_light_col_r>
    <ped_light_col_g>0.647 1.000</ped_light_col_g>
    <ped_light_col_b>0.275 1.000</ped_light_col_b>
    <ped_light_mult>0.400 1.000</ped_light_mult>
    <light_amb_occ_mult>1.000 0.000</light_amb_occ_mult>
    <light_amb_occ_mult_ped>1.000 0.000</light_amb_occ_mult_ped>
    <light_amb_occ_mult_veh>1.000 0.000</light_amb_occ_mult_veh>
    <light_amb_occ_mult_prop>1.000 0.000</light_amb_occ_mult_prop>
    <light_amb_volumes_in_diffuse>1.000 0.000</light_amb_volumes_in_diffuse>
    <ssao_inten>4.000 0.000</ssao_inten>
    <light_vehicle_second_spec_override>1.000 0.000</light_vehicle_second_spec_override>
    <postfx_bright_pass_thresh_width>0.600 0.000</postfx_bright_pass_thresh_width>
    <postfx_bright_pass_thresh>0.600 0.000</postfx_bright_pass_thresh>
    <postfx_intensity_bloom>1.000 0.000</postfx_intensity_bloom>
    <dof_far>130.750 0.000</dof_far>
    <dof_blur_far>0.700 0.000</dof_blur_far>
    <fog_hdr>0.000 0.970</fog_hdr>
    <fog_haze_hdr>0.000 1.000</fog_haze_hdr>
    <fog_haze_start>3000.000 3000.000</fog_haze_start>
    <reflection_interior_range>100.000 0.000</reflection_interior_range>
    <natural_ambient_multiplier>0.000 0.000</natural_ambient_multiplier>
    <artificial_int_ambient_multiplier>0.800 0.000</artificial_int_ambient_multiplier>
    <portal_weight>2.000 0.000</portal_weight>
  </modifier>
  <modifier name="LODmult_global_reduce" numMods="1" userFlags="0">
    <lod_mult>0.100 0.000</lod_mult>
  </modifier>
  <modifier name="LODmult_HD_orphan_reduce" numMods="2" userFlags="0">
    <lod_mult_hd>0.100 0.000</lod_mult_hd>
    <lod_mult_orphanhd>0.100 0.000</lod_mult_orphanhd>
  </modifier>
  <modifier name="LODmult_HD_orphan_LOD_reduce" numMods="3" userFlags="0">
    <lod_mult_hd>0.100 0.000</lod_mult_hd>
    <lod_mult_orphanhd>0.100 0.000</lod_mult_orphanhd>
    <lod_mult_lod>0.100 0.000</lod_mult_lod>
  </modifier>
  <modifier name="LODmult_LOD_reduce" numMods="1" userFlags="0">
    <lod_mult_lod>0.100 0.000</lod_mult_lod>
  </modifier>
  <modifier name="LODmult_SLOD1_reduce" numMods="1" userFlags="0">
    <lod_mult_slod1>0.100 0.000</lod_mult_slod1>
  </modifier>
  <modifier name="LODmult_SLOD2_reduce" numMods="1" userFlags="0">
    <lod_mult_slod2>0.100 0.000</lod_mult_slod2>
  </modifier>
  <modifier name="LODmult_SLOD3_reduce" numMods="1" userFlags="0">
    <lod_mult_slod3>0.100 0.000</lod_mult_slod3>
  </modifier>
  <modifier name="tunnel_id1_11" numMods="20" userFlags="0">
    <light_amb_down_wrap>0.400 0.000</light_amb_down_wrap>
    <light_artificial_int_down_col_r>0.525 1.000</light_artificial_int_down_col_r>
    <light_artificial_int_down_col_g>1.000 1.000</light_artificial_int_down_col_g>
    <light_artificial_int_down_col_b>0.973 1.000</light_artificial_int_down_col_b>
    <light_artificial_int_down_intensity>0.500 0.000</light_artificial_int_down_intensity>
    <light_artificial_int_up_col_r>1.000 1.000</light_artificial_int_up_col_r>
    <light_artificial_int_up_col_g>0.839 1.000</light_artificial_int_up_col_g>
    <light_artificial_int_up_col_b>0.459 1.000</light_artificial_int_up_col_b>
    <light_artificial_int_up_intensity>0.300 0.000</light_artificial_int_up_intensity>
    <ped_light_col_r>1.000 1.000</ped_light_col_r>
    <ped_light_col_g>0.808 1.000</ped_light_col_g>
    <ped_light_col_b>0.502 1.000</ped_light_col_b>
    <ped_light_mult>0.100 1.000</ped_light_mult>
    <ssao_inten>5.000 0.000</ssao_inten>
    <postfx_bright_pass_thresh_width>0.500 0.000</postfx_bright_pass_thresh_width>
    <postfx_bright_pass_thresh>0.500 0.000</postfx_bright_pass_thresh>
    <postfx_intensity_bloom>0.500 0.000</postfx_intensity_bloom>
    <fog_haze_hdr>0.000 1.000</fog_haze_hdr>
    <natural_ambient_multiplier>0.000 0.000</natural_ambient_multiplier>
    <artificial_int_ambient_multiplier>0.183 0.000</artificial_int_ambient_multiplier>
  </modifier>
  <modifier name="CS3_rail_tunnel" numMods="19" userFlags="0">
    <light_amb_down_wrap>0.400 0.000</light_amb_down_wrap>
    <light_artificial_int_down_col_r>0.875 1.000</light_artificial_int_down_col_r>
    <light_artificial_int_down_col_g>0.910 1.000</light_artificial_int_down_col_g>
    <light_artificial_int_down_col_b>0.882 1.000</light_artificial_int_down_col_b>
    <light_artificial_int_down_intensity>1.000 0.000</light_artificial_int_down_intensity>
    <light_artificial_int_up_col_r>0.937 1.000</light_artificial_int_up_col_r>
    <light_artificial_int_up_col_g>0.757 1.000</light_artificial_int_up_col_g>
    <light_artificial_int_up_col_b>0.475 1.000</light_artificial_int_up_col_b>
    <light_artificial_int_up_intensity>0.300 0.000</light_artificial_int_up_intensity>
    <ped_light_col_r>1.000 1.000</ped_light_col_r>
    <ped_light_col_g>0.753 1.000</ped_light_col_g>
    <ped_light_col_b>0.502 1.000</ped_light_col_b>
    <ped_light_mult>0.200 1.000</ped_light_mult>
    <postfx_bright_pass_thresh_width>0.500 0.000</postfx_bright_pass_thresh_width>
    <postfx_bright_pass_thresh>0.500 0.000</postfx_bright_pass_thresh>
    <postfx_intensity_bloom>1.000 0.000</postfx_intensity_bloom>
    <natural_ambient_multiplier>0.000 0.000</natural_ambient_multiplier>
    <artificial_int_ambient_multiplier>0.600 0.000</artificial_int_ambient_multiplier>
    <entity_reject>1000.000 0.000</entity_reject>
  </modifier>
  <modifier name="new_tunnels_entrance" numMods="47" userFlags="2">
    <light_amb_down_wrap>0.200 0.000</light_amb_down_wrap>
    <light_artificial_int_down_col_r>0.922 1.000</light_artificial_int_down_col_r>
    <light_artificial_int_down_col_g>0.824 1.000</light_artificial_int_down_col_g>
    <light_artificial_int_down_col_b>0.431 1.000</light_artificial_int_down_col_b>
    <light_artificial_int_down_intensity>1.000 0.000</light_artificial_int_down_intensity>
    <light_artificial_int_up_col_r>0.925 1.000</light_artificial_int_up_col_r>
    <light_artificial_int_up_col_g>0.667 1.000</light_artificial_int_up_col_g>
    <light_artificial_int_up_col_b>0.224 1.000</light_artificial_int_up_col_b>
    <light_artificial_int_up_intensity>0.200 0.000</light_artificial_int_up_intensity>
    <ped_light_col_r>0.733 1.000</ped_light_col_r>
    <ped_light_col_g>1.000 1.000</ped_light_col_g>
    <ped_light_col_b>0.502 1.000</ped_light_col_b>
    <ped_light_mult>0.100 1.000</ped_light_mult>
    <light_amb_occ_mult>1.000 0.000</light_amb_occ_mult>
    <light_amb_occ_mult_veh>1.000 0.000</light_amb_occ_mult_veh>
    <light_amb_volumes_in_diffuse>1.000 0.000</light_amb_volumes_in_diffuse>
    <light_vehicle_second_spec_override>1.000 0.000</light_vehicle_second_spec_override>
    <postfx_bright_pass_thresh_width>0.500 0.000</postfx_bright_pass_thresh_width>
    <postfx_bright_pass_thresh>0.500 0.000</postfx_bright_pass_thresh>
    <postfx_intensity_bloom>1.000 0.000</postfx_intensity_bloom>
    <postfx_correct_cutoff>16.000 0.000</postfx_correct_cutoff>
    <postfx_shift_cutoff>0.000 0.000</postfx_shift_cutoff>
    <sky_hdr>0.000 0.000</sky_hdr>
    <fog_start>10.000 10.000</fog_start>
    <fog_near_col_r>0.000 1.000</fog_near_col_r>
    <fog_near_col_g>0.000 1.000</fog_near_col_g>
    <fog_near_col_b>0.000 1.000</fog_near_col_b>
    <fog_near_col_a>0.000 1.000</fog_near_col_a>
    <fog_col_r>0.000 1.000</fog_col_r>
    <fog_col_g>0.000 1.000</fog_col_g>
    <fog_col_b>0.000 1.000</fog_col_b>
    <fog_col_a>0.000 1.000</fog_col_a>
    <fog_east_col_r>0.000 1.000</fog_east_col_r>
    <fog_east_col_g>0.000 1.000</fog_east_col_g>
    <fog_east_col_b>0.000 1.000</fog_east_col_b>
    <fog_east_col_a>0.000 1.000</fog_east_col_a>
    <fog_hdr>0.000 1.000</fog_hdr>
    <fog_haze_col_r>0.000 1.000</fog_haze_col_r>
    <fog_haze_col_g>0.000 1.000</fog_haze_col_g>
    <fog_haze_col_b>0.000 1.000</fog_haze_col_b>
    <fog_haze_hdr>1.000 1.000</fog_haze_hdr>
    <fog_haze_start>225.000 240.000</fog_haze_start>
    <reflection_slod_range_end>100.000 0.000</reflection_slod_range_end>
    <reflection_interior_range>70.000 0.000</reflection_interior_range>
    <natural_ambient_multiplier>0.000 0.000</natural_ambient_multiplier>
    <artificial_int_ambient_multiplier>0.300 0.000</artificial_int_ambient_multiplier>
    <entity_reject>6000.000 0.000</entity_reject>
  </modifier>
  <modifier name="METRO_Tunnels" numMods="59" userFlags="2">
    <light_amb_down_wrap>0.347 0.000</light_amb_down_wrap>
    <light_natural_amb_down_col_r>0.000 1.000</light_natural_amb_down_col_r>
    <light_natural_amb_down_col_g>0.000 1.000</light_natural_amb_down_col_g>
    <light_natural_amb_down_col_b>0.000 1.000</light_natural_amb_down_col_b>
    <light_natural_amb_up_col_r>0.000 1.000</light_natural_amb_up_col_r>
    <light_natural_amb_up_col_g>0.000 1.000</light_natural_amb_up_col_g>
    <light_natural_amb_up_col_b>0.000 1.000</light_natural_amb_up_col_b>
    <light_artificial_int_down_col_r>1.000 1.000</light_artificial_int_down_col_r>
    <light_artificial_int_down_col_g>1.000 1.000</light_artificial_int_down_col_g>
    <light_artificial_int_down_col_b>1.000 1.000</light_artificial_int_down_col_b>
    <light_artificial_int_down_intensity>0.500 0.000</light_artificial_int_down_intensity>
    <light_artificial_int_up_col_r>0.518 1.000</light_artificial_int_up_col_r>
    <light_artificial_int_up_col_g>1.000 1.000</light_artificial_int_up_col_g>
    <light_artificial_int_up_col_b>0.816 1.000</light_artificial_int_up_col_b>
    <light_artificial_int_up_intensity>0.500 0.000</light_artificial_int_up_intensity>
    <light_artificial_ext_down_col_r>0.000 1.000</light_artificial_ext_down_col_r>
    <light_artificial_ext_down_col_g>0.000 1.000</light_artificial_ext_down_col_g>
    <light_artificial_ext_down_col_b>0.000 1.000</light_artificial_ext_down_col_b>
    <light_artificial_ext_up_col_r>0.000 1.000</light_artificial_ext_up_col_r>
    <light_artificial_ext_up_col_g>0.000 1.000</light_artificial_ext_up_col_g>
    <light_artificial_ext_up_col_b>0.000 1.000</light_artificial_ext_up_col_b>
    <ped_light_col_r>0.502 1.000</ped_light_col_r>
    <ped_light_col_g>1.000 1.000</ped_light_col_g>
    <ped_light_col_b>0.635 1.000</ped_light_col_b>
    <ped_light_mult>0.100 1.000</ped_light_mult>
    <ssao_inten>5.000 0.000</ssao_inten>
    <light_ped_rim_mult>0.202 0.000</light_ped_rim_mult>
    <postfx_bright_pass_thresh_width>0.400 0.000</postfx_bright_pass_thresh_width>
    <postfx_bright_pass_thresh>0.400 0.000</postfx_bright_pass_thresh>
    <postfx_intensity_bloom>1.000 0.000</postfx_intensity_bloom>
    <fog_start>73.000 73.000</fog_start>
    <fog_near_col_r>0.000 1.000</fog_near_col_r>
    <fog_near_col_g>0.000 1.000</fog_near_col_g>
    <fog_near_col_b>0.000 1.000</fog_near_col_b>
    <fog_near_col_a>0.000 1.000</fog_near_col_a>
    <fog_col_r>0.000 1.000</fog_col_r>
    <fog_col_g>0.000 1.000</fog_col_g>
    <fog_col_b>0.000 1.000</fog_col_b>
    <fog_col_a>0.000 1.000</fog_col_a>
    <fog_east_col_r>0.000 1.000</fog_east_col_r>
    <fog_east_col_g>0.000 1.000</fog_east_col_g>
    <fog_east_col_b>0.000 1.000</fog_east_col_b>
    <fog_east_col_a>0.000 1.000</fog_east_col_a>
    <fog_density>500.000 500.000</fog_density>
    <fog_falloff>0.500 0.500</fog_falloff>
    <fog_hdr>0.000 1.000</fog_hdr>
    <fog_haze_col_r>0.000 1.000</fog_haze_col_r>
    <fog_haze_col_g>0.000 1.000</fog_haze_col_g>
    <fog_haze_col_b>0.000 1.000</fog_haze_col_b>
    <fog_haze_hdr>0.000 1.000</fog_haze_hdr>
    <reflection_lod_range_start>-1.000 0.000</reflection_lod_range_start>
    <reflection_lod_range_end>-1.000 0.000</reflection_lod_range_end>
    <reflection_slod_range_start>-1.000 0.000</reflection_slod_range_start>
    <reflection_slod_range_end>-1.000 0.000</reflection_slod_range_end>
    <reflection_interior_range>100.000 0.000</reflection_interior_range>
    <reflection_tweak_interior_amb>12.096 0.000</reflection_tweak_interior_amb>
    <natural_ambient_multiplier>0.000 0.000</natural_ambient_multiplier>
    <artificial_int_ambient_multiplier>0.200 0.000</artificial_int_ambient_multiplier>
    <fog_cut_off>1.000 0.000</fog_cut_off>
  </modifier>
  <modifier name="METRO_Tunnels_entrance" numMods="31" userFlags="2">
    <light_amb_down_wrap>0.347 0.000</light_amb_down_wrap>
    <light_artificial_int_down_col_r>1.000 1.000</light_artificial_int_down_col_r>
    <light_artificial_int_down_col_g>1.000 1.000</light_artificial_int_down_col_g>
    <light_artificial_int_down_col_b>1.000 1.000</light_artificial_int_down_col_b>
    <light_artificial_int_down_intensity>0.500 0.000</light_artificial_int_down_intensity>
    <light_artificial_int_up_col_r>0.518 1.000</light_artificial_int_up_col_r>
    <light_artificial_int_up_col_g>1.000 1.000</light_artificial_int_up_col_g>
    <light_artificial_int_up_col_b>0.816 1.000</light_artificial_int_up_col_b>
    <light_artificial_int_up_intensity>0.500 0.000</light_artificial_int_up_intensity>
    <ped_light_col_r>0.502 1.000</ped_light_col_r>
    <ped_light_col_g>1.000 1.000</ped_light_col_g>
    <ped_light_col_b>0.639 1.000</ped_light_col_b>
    <ped_light_mult>0.100 1.000</ped_light_mult>
    <ssao_inten>5.000 0.000</ssao_inten>
    <light_ped_rim_mult>0.202 0.000</light_ped_rim_mult>
    <postfx_bright_pass_thresh_width>0.400 0.000</postfx_bright_pass_thresh_width>
    <postfx_bright_pass_thresh>0.400 0.000</postfx_bright_pass_thresh>
    <postfx_intensity_bloom>1.000 0.000</postfx_intensity_bloom>
    <fog_start>150.000 150.000</fog_start>
    <fog_hdr>0.000 0.970</fog_hdr>
    <fog_haze_hdr>0.000 1.000</fog_haze_hdr>
    <reflection_lod_range_start>-1.000 0.000</reflection_lod_range_start>
    <reflection_lod_range_end>-1.000 0.000</reflection_lod_range_end>
    <reflection_slod_range_start>-1.000 0.000</reflection_slod_range_start>
    <reflection_slod_range_end>-1.000 0.000</reflection_slod_range_end>
    <reflection_interior_range>100.000 0.000</reflection_interior_range>
    <reflection_tweak_interior_amb>12.096 0.000</reflection_tweak_interior_amb>
    <natural_ambient_multiplier>0.000 0.000</natural_ambient_multiplier>
    <artificial_int_ambient_multiplier>0.200 0.000</artificial_int_ambient_multiplier>
    <fog_cut_off>1.000 0.000</fog_cut_off>
    <portal_weight>2.000 0.000</portal_weight>
  </modifier>
  <modifier name="METRO_platform" numMods="30" userFlags="0">
    <light_amb_down_wrap>0.347 0.000</light_amb_down_wrap>
    <light_artificial_int_down_col_r>1.000 1.000</light_artificial_int_down_col_r>
    <light_artificial_int_down_col_g>1.000 1.000</light_artificial_int_down_col_g>
    <light_artificial_int_down_col_b>1.000 1.000</light_artificial_int_down_col_b>
    <light_artificial_int_down_intensity>0.500 0.000</light_artificial_int_down_intensity>
    <light_artificial_int_up_col_r>0.518 1.000</light_artificial_int_up_col_r>
    <light_artificial_int_up_col_g>1.000 1.000</light_artificial_int_up_col_g>
    <light_artificial_int_up_col_b>0.816 1.000</light_artificial_int_up_col_b>
    <light_artificial_int_up_intensity>0.500 0.000</light_artificial_int_up_intensity>
    <ped_light_col_r>0.502 1.000</ped_light_col_r>
    <ped_light_col_g>1.000 1.000</ped_light_col_g>
    <ped_light_col_b>0.639 1.000</ped_light_col_b>
    <ped_light_mult>0.100 1.000</ped_light_mult>
    <ssao_inten>5.000 0.000</ssao_inten>
    <light_ped_rim_mult>0.202 0.000</light_ped_rim_mult>
    <postfx_bright_pass_thresh_width>0.400 0.000</postfx_bright_pass_thresh_width>
    <postfx_bright_pass_thresh>0.400 0.000</postfx_bright_pass_thresh>
    <postfx_intensity_bloom>1.000 0.000</postfx_intensity_bloom>
    <fog_start>73.000 73.000</fog_start>
    <fog_hdr>0.000 1.000</fog_hdr>
    <fog_haze_hdr>0.000 1.000</fog_haze_hdr>
    <reflection_lod_range_start>-1.000 0.000</reflection_lod_range_start>
    <reflection_lod_range_end>-1.000 0.000</reflection_lod_range_end>
    <reflection_slod_range_start>-1.000 0.000</reflection_slod_range_start>
    <reflection_slod_range_end>-1.000 0.000</reflection_slod_range_end>
    <reflection_interior_range>100.000 0.000</reflection_interior_range>
    <reflection_tweak_interior_amb>12.096 0.000</reflection_tweak_interior_amb>
    <natural_ambient_multiplier>0.000 0.000</natural_ambient_multiplier>
    <artificial_int_ambient_multiplier>0.500 0.000</artificial_int_ambient_multiplier>
    <fog_cut_off>1.000 0.000</fog_cut_off>
  </modifier>
  <modifier name="ch2_tunnel_whitelight" numMods="6" userFlags="0">
    <light_artificial_ext_down_col_r>1.000 1.000</light_artificial_ext_down_col_r>
    <light_artificial_ext_down_col_g>1.000 1.000</light_artificial_ext_down_col_g>
    <light_artificial_ext_down_col_b>1.000 1.000</light_artificial_ext_down_col_b>
    <light_artificial_ext_up_col_r>1.000 1.000</light_artificial_ext_up_col_r>
    <light_artificial_ext_up_col_g>1.000 1.000</light_artificial_ext_up_col_g>
    <light_artificial_ext_up_col_b>1.000 1.000</light_artificial_ext_up_col_b>
  </modifier>
  <modifier name="tunnel_entrance" numMods="1" userFlags="0">
    <reflection_interior_range>200.000 0.000</reflection_interior_range>
  </modifier>
  <modifier name="tunnel_entrance_INT" numMods="1" userFlags="2">
    <reflection_interior_range>200.000 0.000</reflection_interior_range>
  </modifier>
  <modifier name="id1_11_tunnel" numMods="31" userFlags="0">
    <light_amb_down_wrap>0.347 0.000</light_amb_down_wrap>
    <light_artificial_int_down_col_r>1.000 1.000</light_artificial_int_down_col_r>
    <light_artificial_int_down_col_g>1.000 1.000</light_artificial_int_down_col_g>
    <light_artificial_int_down_col_b>1.000 1.000</light_artificial_int_down_col_b>
    <light_artificial_int_down_intensity>0.100 0.000</light_artificial_int_down_intensity>
    <light_artificial_int_up_col_r>1.000 1.000</light_artificial_int_up_col_r>
    <light_artificial_int_up_col_g>0.824 1.000</light_artificial_int_up_col_g>
    <light_artificial_int_up_col_b>0.518 1.000</light_artificial_int_up_col_b>
    <light_artificial_int_up_intensity>0.100 0.000</light_artificial_int_up_intensity>
    <ped_light_col_r>1.000 1.000</ped_light_col_r>
    <ped_light_col_g>0.941 1.000</ped_light_col_g>
    <ped_light_col_b>0.502 1.000</ped_light_col_b>
    <ped_light_mult>0.100 1.000</ped_light_mult>
    <ssao_inten>4.000 0.000</ssao_inten>
    <light_ped_rim_mult>0.202 0.000</light_ped_rim_mult>
    <postfx_bright_pass_thresh_width>0.400 0.000</postfx_bright_pass_thresh_width>
    <postfx_bright_pass_thresh>0.400 0.000</postfx_bright_pass_thresh>
    <postfx_intensity_bloom>0.500 0.000</postfx_intensity_bloom>
    <fog_start>150.000 150.000</fog_start>
    <fog_hdr>0.000 0.970</fog_hdr>
    <fog_haze_hdr>0.000 1.000</fog_haze_hdr>
    <reflection_lod_range_start>-1.000 0.000</reflection_lod_range_start>
    <reflection_lod_range_end>-1.000 0.000</reflection_lod_range_end>
    <reflection_slod_range_start>-1.000 0.000</reflection_slod_range_start>
    <reflection_slod_range_end>-1.000 0.000</reflection_slod_range_end>
    <reflection_interior_range>100.000 0.000</reflection_interior_range>
    <reflection_tweak_interior_amb>12.096 0.000</reflection_tweak_interior_amb>
    <natural_ambient_multiplier>0.500 0.000</natural_ambient_multiplier>
    <artificial_int_ambient_multiplier>0.500 0.000</artificial_int_ambient_multiplier>
    <fog_cut_off>1.000 0.000</fog_cut_off>
    <portal_weight>2.000 0.000</portal_weight>
  </modifier>
  <modifier name="VC_tunnel_entrance" numMods="0" userFlags="0" />
  <modifier name="TUNNEL_orange_exterior" numMods="17" userFlags="16">
    <light_artificial_int_down_col_r>0.961 1.000</light_artificial_int_down_col_r>
    <light_artificial_int_down_col_g>0.427 1.000</light_artificial_int_down_col_g>
    <light_artificial_int_down_col_b>0.016 1.000</light_artificial_int_down_col_b>
    <light_artificial_int_down_intensity>0.500 0.000</light_artificial_int_down_intensity>
    <light_artificial_int_up_col_r>1.000 1.000</light_artificial_int_up_col_r>
    <light_artificial_int_up_col_g>0.275 1.000</light_artificial_int_up_col_g>
    <light_artificial_int_up_col_b>0.102 1.000</light_artificial_int_up_col_b>
    <light_artificial_int_up_intensity>0.200 0.000</light_artificial_int_up_intensity>
    <light_artificial_ext_down_col_r>0.961 1.000</light_artificial_ext_down_col_r>
    <light_artificial_ext_down_col_g>0.427 1.000</light_artificial_ext_down_col_g>
    <light_artificial_ext_down_col_b>0.012 1.000</light_artificial_ext_down_col_b>
    <light_artificial_ext_down_intensity>0.500 0.000</light_artificial_ext_down_intensity>
    <light_artificial_ext_up_col_r>1.000 1.000</light_artificial_ext_up_col_r>
    <light_artificial_ext_up_col_g>0.271 1.000</light_artificial_ext_up_col_g>
    <light_artificial_ext_up_col_b>0.102 1.000</light_artificial_ext_up_col_b>
    <light_artificial_ext_up_intensity>0.200 0.000</light_artificial_ext_up_intensity>
    <reflection_interior_range>100.000 0.000</reflection_interior_range>
  </modifier>
  <modifier name="hillstunnel" numMods="8" userFlags="0">
    <light_artificial_ext_down_col_r>1.000 1.000</light_artificial_ext_down_col_r>
    <light_artificial_ext_down_col_g>0.976 1.000</light_artificial_ext_down_col_g>
    <light_artificial_ext_down_col_b>0.529 1.000</light_artificial_ext_down_col_b>
    <light_artificial_ext_down_intensity>2.000 0.000</light_artificial_ext_down_intensity>
    <light_artificial_ext_up_col_r>1.000 1.000</light_artificial_ext_up_col_r>
    <light_artificial_ext_up_col_g>0.969 1.000</light_artificial_ext_up_col_g>
    <light_artificial_ext_up_col_b>0.561 1.000</light_artificial_ext_up_col_b>
    <light_artificial_ext_up_intensity>2.000 0.000</light_artificial_ext_up_intensity>
  </modifier>
  <modifier name="TUNNEL_yellow_ext" numMods="12" userFlags="16">
    <light_artificial_int_down_col_r>0.922 1.000</light_artificial_int_down_col_r>
    <light_artificial_int_down_col_g>0.824 1.000</light_artificial_int_down_col_g>
    <light_artificial_int_down_col_b>0.439 1.000</light_artificial_int_down_col_b>
    <light_artificial_int_down_intensity>0.500 0.000</light_artificial_int_down_intensity>
    <light_artificial_int_up_col_r>0.929 1.000</light_artificial_int_up_col_r>
    <light_artificial_int_up_col_g>0.584 1.000</light_artificial_int_up_col_g>
    <light_artificial_int_up_col_b>0.094 1.000</light_artificial_int_up_col_b>
    <light_artificial_int_up_intensity>0.200 0.000</light_artificial_int_up_intensity>
    <light_amb_occ_mult_veh>1.000 0.000</light_amb_occ_mult_veh>
    <dof_far>130.750 0.000</dof_far>
    <dof_blur_far>0.700 0.000</dof_blur_far>
    <reflection_interior_range>200.000 0.000</reflection_interior_range>
  </modifier>
  <modifier name="TUNNEL_green_ext" numMods="8" userFlags="16">
    <light_artificial_int_down_col_r>0.247 1.000</light_artificial_int_down_col_r>
    <light_artificial_int_down_col_g>1.000 1.000</light_artificial_int_down_col_g>
    <light_artificial_int_down_col_b>0.247 1.000</light_artificial_int_down_col_b>
    <light_artificial_int_down_intensity>2.000 0.000</light_artificial_int_down_intensity>
    <light_artificial_int_up_col_r>0.455 1.000</light_artificial_int_up_col_r>
    <light_artificial_int_up_col_g>1.000 1.000</light_artificial_int_up_col_g>
    <light_artificial_int_up_col_b>0.784 1.000</light_artificial_int_up_col_b>
    <light_artificial_int_up_intensity>1.000 0.000</light_artificial_int_up_intensity>
  </modifier>
  <modifier name="NO_streetAmbient" numMods="1" userFlags="8">
    <artificial_int_ambient_multiplier>0.000 0.000</artificial_int_ambient_multiplier>
  </modifier>
  <modifier name="NO_coronas" numMods="2" userFlags="0">
    <sprite_brightness>0.000 0.000</sprite_brightness>
    <sprite_size>0.000 0.000</sprite_size>
  </modifier>
  <modifier name="INT_streetlighting" numMods="8" userFlags="2">
    <light_natural_amb_down_col_r>1.000 1.000</light_natural_amb_down_col_r>
    <light_natural_amb_down_col_g>0.286 1.000</light_natural_amb_down_col_g>
    <light_natural_amb_down_col_b>0.000 1.000</light_natural_amb_down_col_b>
    <light_natural_amb_down_intensity>0.500 0.000</light_natural_amb_down_intensity>
    <light_natural_amb_up_col_r>1.000 1.000</light_natural_amb_up_col_r>
    <light_natural_amb_up_col_g>0.325 1.000</light_natural_amb_up_col_g>
    <light_natural_amb_up_col_b>0.000 1.000</light_natural_amb_up_col_b>
    <light_natural_amb_up_intensity>0.500 0.000</light_natural_amb_up_intensity>
  </modifier>
  <modifier name="CUSTOM_streetlight" numMods="0" userFlags="0">
  </modifier>
  <modifier name="StreetLighting" numMods="0" userFlags="0">
  </modifier>
  <modifier name="StreetLightingJunction" numMods="0" userFlags="0">
  </modifier>
  <modifier name="StreetLightingtraffic" numMods="0" userFlags="0">
  </modifier>
  <modifier name="INT_streetlighting" numMods="8" userFlags="2">
    <light_natural_amb_down_col_r>1.000 1.000</light_natural_amb_down_col_r>
    <light_natural_amb_down_col_g>0.286 1.000</light_natural_amb_down_col_g>
    <light_natural_amb_down_col_b>0.000 1.000</light_natural_amb_down_col_b>
    <light_natural_amb_down_intensity>0.500 0.000</light_natural_amb_down_intensity>
    <light_natural_amb_up_col_r>1.000 1.000</light_natural_amb_up_col_r>
    <light_natural_amb_up_col_g>0.325 1.000</light_natural_amb_up_col_g>
    <light_natural_amb_up_col_b>0.000 1.000</light_natural_amb_up_col_b>
    <light_natural_amb_up_intensity>0.500 0.000</light_natural_amb_up_intensity>
  </modifier>
</timecycle_modifier_data>